---
title: "[웹 백엔드] SQL이란?"
excerpt: "SQL에 대해 Araboza"
toc: true
toc_sticky: true
categories:
  - MySQL
tags:
  - DB
  - DBMS
  - SQL
  - Back-End
  - DML
  - DDL
  - DBMS
last_modified_at: 2021-03-10 20:25:20
---
<span style="color:grey">[웹 백엔드 - 강경미]내용입니다.</span>
## Database 생성하기

※ Macbook, MySQL 기준입니다.  
  다운로드 및 설치에 대해서는 다루지 않겠습니다.

Homebrew를 사용해 설치했다면, 실행과 중지가 간편합니다.  
환경 변수 설정 등이 모두 자동으로 이뤄지기 때문입니다.

### **1. Homebrew를 사용하여 MySQL 데몬을 실행하기**  
   아래와 같이 명령을 수행하면  
   간단하게 mysql을 데몬형태로 실행할 수 있습니다.  
   `brew services start mysql`  
   서비스 재시작도 다음과 같이 간단하게 할 수 있습니다.  
   `brew services restart mysql`  
   중지도 마찬가지로 간단하게 할 수 있습니다.  
   `brew services stop mysql`  

### **2. Database 생성하기**
  1. 우선 mysql 관리자 계정인 root로 DBMS에 접속합니다.  
  ```sql
  mysql -uroot -p
  ```
  >u 뒤에는 접속하고자 하는 계정을. p뒤에는 password를 입력
  >여기서는 password가 없으므로 공란!

  2. 접속했다면, 다음과 같은 명령으로 DB를 생성합니다.
   ```sql
  Mysql> create database DB이름;
  ```
  만일 "connectdb"라는 이름의 db를 생성한다면?
  ```sql
  Mysql> create database connectdb;
  ```

### **3. Database 사용자 생성과 권한 주기**
DB를 생성했다면, 해당 DB를 사용하는 계정을 생성해야한다.  
또한, 해당 계정이 DB를 이용할 수 있는 권한을 줘야 한다.  
아래와 같은 명령을 이용하여 사용자 생성과 권한을 줄 수 있다.  
  
※ mysql 8.0 이상인 경우입니다.

  ```sql
  CREATE USER 'connectuser' @'%' IDENTIFIED BY 'connect123!@#';
  GRANT ALL ON connectdb.* TO 'connectuser' @'%';
  flush privileges;
  ```
> 계정이름은 'connectuser', 암호는 'connect123!@#',  
> 사용하는 db는 'connectdb'인 계정을 생성하는 방법이다.

> DB이름 뒤 *는 **모든 권한**을 의미하며,  
> @' %'는 어떤 클라이언트든 접근가능하다는 의미이다.  
> @' localhost'는 해당 컴퓨터에서만 접근가능하다는 의미  

### **4. 생성한 Database에 접속하기**
아래와 같이 명령을 실행하여 원하는 DB에 접속할 수 있다.  
mysql -h*호스트명* -u*DB명* -p*비밀번호* *DB이름*  
db이름이 connectdb, 계정이 connectuser, 암호가 123인 경우  
ex. mysql -h127.0.0.1 -uconnectuser -p123 connectdb  
>127.0.0.1은 localhost의 주소. IPv4에서의 ip주소를 의미

### **5. 연결끊기**
quit 혹은 exit을 하면 된다.
  
## DBMS란?  

  데이터 베이스를 관리하는 소프트웨어  
  여러 응용 소프트웨어(프로그램) 또는 시스템이 동시에 데이터베이스에 접근하여 사용할 수 있게 한다.  

  DBMS는 다음의 3가지 기능을 갖는다!
  * 정의기능 : 데이터 베이스의 논리적, 물리적 구조를 정의  
  * 조작기능 : 데이터를 검색, 갱신, 삽입, 삭제하는 기능
  * 제어기능 : DB의 내용 정확성과 안정성을 유지하도록 제어하는 기능  
  > Oracle, SQL Server, My SQL 등의 상용 또는 공개 DBMS가 있음
  
  1. 장점  
     ~~~
     데이터 중복이 최소화된다.
     데이터의 일관성 및 무결성 유지한다.
     데이터 보안이 보장된다.
     ~~~
  
  2. 단점
     ~~~  
     운영비가 비싸다
     백업 및 복구에 대한 관리가 복잡
     부분적 DB 손실이 전체 시스템을 정지
     ~~~

## DB란?
  데이터의 집합  
  여러 응용 시스템(프로그램)들의 통합된 정보들을 저장하여 운영할 수 있는 공용(share) 데이터의 집합  
  효율적으로 저장, 검색, 갱신할 수 있도록 데이터 집합들끼리 연관시키고 조직화되어야 한다.  

> DBMS와 DB의 관계?  
  어린이가 갖고 있는 책(정보)이 DB 그렇다면 책을 관리해주는 엄마는 DBMS..  

## DB의 특성
1. 실시간 접근성 (Real Time Accessability)  
  : 사용자의 요구를 즉시 처리할 수 있다.
2. 계속적인 변화 (Continuous Evolution)  
  : 정확한 값을 유지하려고 삽입, 수정, 삭제 작업등을 이용해 데이터를 지속적으로 갱신할 수 있다.
3. 동시 공유성 (Concurrent Sharing)  
  : 사용자마다 서로 다른 목적으로 사용하므로 여러 사람이 동시에 데이터에 접근하고 이용할 수 있다.
4. 내용 참조 (Content Reference)  
  : 저장된 데이터 레코드의 위치나 주소가 아닌 사용자가 요구하는 데이터의 내용, 즉, 데이터 값에 따라 참조할 수 있어야 한다.

## **SQL**(**S**tructered **Q**uery **L**anguage)이란?
  
  SQL이란 데이터를 보다 쉽게 검색하고 추가, 수정, 삭제 같은 조작을 할 수 있도록 고안된 **컴퓨터 언어**이다.  
  관계형 데이터 베이스에서 데이터를 조작하고 쿼리하는 표준 수단이다.  
  
  > 관계형 데이터 베이스? 데이터를 단순한 표 형태로 표현하는 DB

### SQL Language
1. DML(Data Manipulated Language)  
  데이터를 조작하기 위해 사용한다.  
  INSERT, UPDATE, DELETE, SELECT 등이 여기에 해당된다.
2. DDL(Data Definition Language)  
  데이터베이스의 **스키마**를 정의하거나 조작하기위해 사용한다.  
  CREATE, DROP, ALTER 등이 여기에 해당한다.  
3. DCL(Data Control Language)  
  데이터를 제어하는 언어이다.  
  권한을 관리하고 데이터의 보안, 무결성 등을 정의한다.  
  GRANT, REVOKE등이 여기에 해당한다.  
> 스키마(Schema)?  
> 데이터 베이스의 구조와 제약조건에 관한 전반적인 명세를 기술한 메타 데이터의 집합이다.
> ![스키마와 서브스키마와의 관계](/assets/images/S194_i1.jpg)
> ![데이터 베이스 시스템의 단계별 구조](/assets/images/S194_i2.jpg)

# 데이터 조작어(DML, Data Manipulation Language)

## 데이터 조작어(DML)의 종류
데이터 조작어는 모두 동사로 시작하며,  
시작하는 동사에 따라 4가지가 존재한다.  
1. SELECT - 검색
2. INSERT - 등록
3. UPDATE - 수정
4. DELETE - 삭제

## SELECT 구문의 기본형
![sql](../assets/images/SQL/sql5.png)

### 예제
예제1) departments 테이블의 모든 데이터를 출력하시오.
```sql
SELECT* FROM DEPARTMENTS;
```
>여기서 *은 **전체**를 의미한다.
  
예제2) employee 테이블에서 직원의 사번(empno), 이름(name), 직업(job)을 출력하시오.
```sql
select empno, name, job from employee;
```
![sql](../assets/images/SQL/sql7.png)
  
예제3) employee 테이블에서 직원의 사번(empno), 이름(name), 직업(job)을 출력하시오.
```sql
select empno as 사번, name as 이름, job as 직업 from employee;
```
![sql](../assets/images/SQL/sql6.png)
>칼럼에 대한 ALIAS(별칭)을 부여하여 Heading을 변경할 수 있다.

예제4) employee 테이블에서 사번과 부서번호를 하나의 칼럼으로 출력하시오.
```sql
select concat(empno,'-',deptno) AS '사번-부서번호' from employee;
```
예제5-1) 사원 테이블의 모든 부서번호를 출력하시오.
```sql
select deptno from employee;
```
예제5-2) 사원 테이블의 부서번호를 중복되지 않게 출력하시오.
```sql
select distinct deptno from employee;
```
>위와 같이 distinct를 사용하면 중복행을 제거할 수 있다.

##SELECT 구문 정렬하기
![sql](../assets/images/SQL/sql8.png)

예제6) employee 테이블에서 직원의 사번(empno), 이름(name), 직업(job)을 출력하시오.
단, 이름을 기준으로 오름차순 정렬합니다.

```sql
select empno, name, job from employee order by name;

select empno as 사번, name as 이름, job as 직업 from employee order by 이름;
```

예제7) employee 테이블에서 직원의 사번(empno), 이름(name), 직업(job)을 출력하시오.
단, 이름을 기준으로 내림차순 정렬합니다.
```sql
select empno, name, job from employee order by name desc;

select empno as 사번, name as 이름, job as 직업 from employee order by 이름 desc;
```
## My SQL의 버전과 현재 날짜 구하기  
  
```sql
mysql > SELECT VERSION(), CURRENT_DATE;
+-----------+--------------+
| VERSION() | CURRENT_DATE |
+-----------+--------------+
| 5.1.67    | 2013-01-05   |
+-----------+--------------+
1 row in set (0.00 sec)
```

Terminal에 Query를 입력합니다.  
> Query란 세미콜론(;)으로 끝나는 문장을 말하며,
> *DBMS에게 명령을 내릴때 사용하는 문장*이라고 생각하면 쉽습니다.

Select는 어떤 내용을 조회할 때 사용하는 키워드입니다.  
MySQL은 쿼리에 해당하는 결과의 전체 row를 출력하고,  
마지막에 **전체 row수**와 **쿼리실행에 걸린 시간**을 표시합니다.

## 키워드는 대소문자를 구분하지 않는다.
다음의 쿼리는 모두 같은 내용입니다.
```sql
mysql> SELECT VERSION(), CURRENT_DATE;
mysql> select version(), current_date;
mysql> SeLeCt vErSiOn(), current_DATE;
```

## 여러 문장을 한 줄에 연속으로 붙여서 실행가능합니다.
각 문장을 세미콜론만 붙여주면 가능합니다.
```sql
mysql> SELECT VERSION(); SELECT NOW();
```

## 하나의 SQL은 여러 줄로 입력가능합니다.
MySQL은 문장의 끝을 라인으로 구분하는 것이 아니라 semicolon(;)으로 구분하기 때문에 여러 줄에 거쳐 문장을 쓰는 것도 가능합니다.
```sql
mysql> SELECT
    -> USER()
    -> ,
    -> CURRENT_DATE;
```

## SQL을 입력하는 도중에 취소할 수 있습니다.
긴 쿼리를 작성하다가 중간에 취소해야 하는 경우에는 즉시 \c를 붙혀주면 됩니다.
```sql
mysql> SELECT

    -> USER()

    -> \c

mysql>
```
## DBMS에 존재하는 데이터베이스 확인하기
작업하기 위한 데이터베이스를 선택하기 위해서는 어떤 데이터베이스가 존재하는지 알아보아야 합니다.
현재 서버에 존재하는 데이터베이스를 찾아보기 위해서 SHOW statement을 사용합니다.
```sql
mmysql> show databases;
+-----------------------+
| Database               |
+-----------------------+
| information_schema |
| connectdb              |
+-----------------------+
2 rows in set (0.00 sec)
```

## 사용중인 데이터베이스 전환하기
Database을 선택하기 위해,  “use” command 사용합니다
```sql
mysql> use mydb;
```
단, 전환 시 데이터베이스가 존재해야하고, 현재 접속중이 계정이 권한이 있어야 합니다.

## 데이터를 저장하는 공간 테이블(Table)
데이터베이스도 엑셀의 표와 유사한 테이블을 가질 수 있습니다.  
엑셀과 다른 점은 데이터베이스를 생성해도 **테이블은 존재하지 않는다**는 것입니다.  
테이블을 사용하려면 테이블을 생성하는 SQL을 사용해야 합니다.  
그리고, 테이블에 값을 저장하려면 저장하기 위한 SQL을 사용해야 합니다.  

## 테이블(table)의 구성요소
![sql](/assets/images/sql3.png)  
**Table** : RDBMS의 기본적 저장구조. 한개 이상의 column과 0개 이상의 row로 구성.  
**열(column)** : 테이블 상에서의 단일 종류의 데이터를 나타냄. 특정 데이터 타입 및 크기를 갖고 있다.  
**행(row)** : column들의 값의 조합. 레코드라고 불린다.  
        기본키(PK)에 의해 구분된다. 기본키는 중복을 허용하지 않으며, 없어서는 안된다.  
**Field** : Row와 Column의 교차점으로 field는 데이터를 포함할 수 있고 없을때는 NULL값을 갖는다.  

## 현재 데이터베이스에 존재하는 테이블 목록 확인하기
Database를 선택 후, Database의 전체 테이블 목록을 출력합니다.
```
mysql> show tables;

Empty set (0.02 sec)
```
“empty set” 은  데이터베이스에 어떤 테이블도 아직 생성되지 않았다는 의미  
예제파일을 통해 테이블의 생성과 값을 저장하는 방법에 대해 알아보자.  

## 테이블의 생성과 값의 저장
1. 아래의 examples.sql을 다운로드한다.
https://www.boostcourse.org/downloadFile/fileDownload?attachmentId=304830&autoClose=true

2. 터미널에서 examples.sql이 있는 폴더로 이동한 후, 다음과 같이 명령을 수행한다.  
   `Mysql - uconnectuser -p connectdb < examples.sql`
> 경로지정에는 아래의 두가지 방법이 있다.
> 개인적으로 두번째 방법이 간단하고 편리한 것 같다.
> 1. cd를 입력한 후 경로를 붙여 넣어준다.
> 2. 해당 위치의 폴더를 터미널에 drag&drop  
  
접속한 DB의 테이블 목록을 보려면 다음과 같이 입력한다.  
`mysql> show tables`

아래와 같이 결과가 나옴을 확인할 수 있다.  
![sql](/assets/images/sql4.png)  

## 테이블 구조를 확인하기 위한 DESCRIBE 명령
Table 구조를 확인하기 위해, describe 명령을 사용할 수 있다.  
짧게 desc라고 해도 된다.  
`Mysql > desc Employee;`

## Where절

SELECT 구문 예제 중 **특정 행을 검색할 수 있는 where절**에 대해 알아보자.

> SELECT절은 내가 원하는 조건을 가진 값을 찾아오고 싶은 것  
> Where절로 **그 조건을 부여**할 수 있음


![sql](/assets/images/SQL/sql9.png)  

### 예제  
예제1) employee 테이블에서 고용일(hiredate)이 1981년 이전의 사원이름과 고용일을 출력하시오.(산술비교연산자)

```sql
select name, hiredate from employee where hiredate < '1981-01-01';
```

예제2) employee 테이블에서 부서번호가 30인 사원이름과 부서번호를 출력하시오.(논리연산자)
```sql
select name, deptno from employee where deptno = 30;
```

예제3) employee 테이블에서 부서번호가 10 또는 30인 사원이름과 부서번호를 출력하시오. (IN키워드)
```sql
select name, deptno from employee where deptno in (10, 30);
```
>(A,B)는 A OR B의 의미!
>아래와 동일한 결과 값을 갖는다.
```sql
Select name, deptno form employee where deptno = 10 or deptno = 30;
```

**'LIKE 키워드'**
와일드 카드를 사용하여 특정 문자를 포함한 값에 대한 조건을 처리  
**%** 는 0에서부터 **여러 개의 문자열**을 나타냄  
**_** 는 **단 하나의 문자**를 나타내는 와일드 카드  

예제4) employee 테이블에서 이름에 'A'가 포함된 사원의 이름(name)과 직업(job)을 출력하시오.
```sql
select name, job from employee where name like '%A%';
```
>A로 시작하는 ‘A%’
>A로 끝나는 ‘%A’
>두번째 글자가 A인 ‘_A%’;

####함수의 사용

예제1) 대문자 변환-'UCASE', 'UPPER'
```sql
select UPPER('SEoul'), ucase('seoul');
```
>SEOUL 출력됨
> 반대는 'LCASE', 'LOWER'

예제2) 글자 추출 - Substring

```sql
Select substring(‘happy day’, 3, 2);
```
>3번째 글자부터 2개 추출
> pp 출력됨

예제3) 자릿수 채우기 - LPAD, RPAD
```sql
Select lpad(‘hi’, 5, ‘?’), lpad(‘Joe’, 7, ‘*’);
```
> 5글자로 만들껀데 부족한 자리수는 ?로 채우기

예제4) 공백제거 하기 - TRIM, LTRIM, RTRIM
```sql
Select LTRIM(‘ hello ’), RTRIM(‘ hello ’);
```

이외에도
- FLOOR(x) : x보다 크지 않은 가장 큰 정수를 반환합니다. BIGINT로 자동 변환합니다.
- CEILING(x) : x보다 작지 않은 가장 작은 정수를 반환합니다.
- ROUND(x) : x에 가장 근접한 정수를 반환합니다.
- POW(x,y) POWER(x,y) : x의 y 제곱 승을 반환합니다.
- GREATEST(x,y,...) : 가장 큰 값을 반환합니다.
- LEAST(x,y,...) : 가장 작은 값을 반환합니다.
- CURDATE(),CURRENT_DATE : 오늘 날짜를 YYYY-MM-DD나 YYYYMMDD 형식으로 반환합니다.
- CURTIME(), CURRENT_TIME : 현재 시각을 HH:MM:SS나 HHMMSS 형식으로 반환합니다.
- NOW(), SYSDATE() , CURRENT_TIMESTAMP : 오늘 현시각을 YYYY-MM-DD HH:MM:SS나 YYYYMMDDHHMMSS 형식으로 반환합니다. 
- DATE_FORMAT(date,format) : 입력된 date를 format 형식으로 반환합니다.
- PERIOD_DIFF(p1,p2) : YYMM이나 YYYYMM으로 표기되는 p1과 p2의 차이 개월을 반환합니다.

등 여러가지 있으니 구글링하면서 활용하면 될 것 같다 

## SELECT 구문 - Cast 형변환

![이미지](/assets/images/SQL/sql10.png)

### 예제 - Cast 형변환
![이미지](/assets/images/SQL/sql11.png)

## SELECT 구문 - 그룹 함수
![이미지](/assets/images/SQL/sql12.png)

> 단일 함수 : Column **하나당 하나의 결과** *(여러 개)*가 출력  
> 그룹 함수 : 여러 개의 Column, **하나의 결과** 출력

### 예제 - 그룹 함수

예제1) employee 테이블에서 부서번호가 30인 직원의 급여 평균과 총 합계를 출력하시오.

```sql
Select AVG(salary), SUM(salary) from employee where deptno = 30;
```
![이미지](/assets/images/SQL/sql13.png)

예제2) employee 테이블에서 부서별 직원의 부서번호, 급여 평균과 합계를 출력하시오.

```sql
Select deptno, AVG(salary), SUM(salary) from employee group by deptno;
```
![이미지](/assets/images/SQL/sql14.png)

>결과를 하나만 보고 싶은게 아니라 그룹을 여러개로 나누고 싶은 것
>"~별"이 나온다면 **group by** 키워드를 기억할 것

만일, 아래와 같이 Group By를 하지 않는다면?
```sql
Select deptno, AVG(salary), SUM(salary) from employee;
```
MySQL에서는 오류를 띄우지 않고, 그룹핑된 하나의 결과만을 출력시킨다.

## 데이터 입력(INSERT 문)

![이미지](/assets/images/SQL/sql15.png)

> 단, 필드의 갯수와 필드 값의 갯수는 같아야 한다.

### 예제 
예제) ROLE테이블에 role_id는 200, description에는 'CEO'로 한건의 데이터를 저장하시오.

```sql
insert into ROLE (role_id, description) values ( 200, 'CEO');
```
![이미지](/assets/images/SQL/sql16.png)

> 만일 description만 추가한다면? 오류를 띄운다  
> 왜냐하면 Key값이 PRI이므로
> 만일 role_id만 추가한다면? OK!

## 데이터 수정(UPDATE 문)

![이미지](/assets/images/SQL/sql17.png)
- 다수의 경우 ,로 구분
- where절은 필수가 아니나, 생략하면 전체 데이터가 다 변경된다는 점 주의.

### 예제 
예제) ROLE테이블에 role_id가 200일 경우 description을 'CTO'로 수정하시오.

```sql
update ROLE
set description = 'CTO'
where role_id = 200;
```
![이미지](/assets/images/SQL/sql18.png)

## 데이터 삭제(DELETE 문)

![이미지](/assets/images/SQL/sql19.png)

### 예제 
예제) ROLE테이블에서 role_id는 200인 정보를 삭제하시오.
```sql
delete from ROLE where role_id = 200;
```
![이미지](/assets/images/SQL/sql20.png)
# 데이터 정의어 (Data Definition Language, DDL)

데이터 정의어란?  
DB의 스키마 객체를 생성, 수정, 삭제를 담당한다.  

## MySQL 데이터 타입
![이미지](/assets/images/SQL/sql21.png)
![이미지](/assets/images/SQL/sql22.png)

## 테이블 생성
![이미지](/assets/images/SQL/sql23.png)

### 테이블 생성 실습
예제) EMPLOYEE와 같은 구조를 가진 EMPLOYEE2 테이블을 생성하시오.  
![이미지](/assets/images/SQL/sql24.png)

```sql
CREATE TABLE EMPLOYEE2(   
            empno      INTEGER NOT NULL PRIMARY KEY,  
           name       VARCHAR(10),   
           job        VARCHAR(9),   
           boss       INTEGER,   
           hiredate   VARCHAR(12),   
           salary     DECIMAL(7, 2),   
           comm       DECIMAL(7, 2),   
          deptno     INTEGER);
```

## 테이블 수정 (컬럼 추가 / 삭제)
![이미지](/assets/images/SQL/sql25.png)

### 테이블 수정 실습 (컬럼 추가/ 삭제)
예제1) EMPLOYEE2 테이블에 생일(birthdate)칼럼을 varchar(12)형식으로 추가하시오.  
```sql
alter table EMPLOYEE2
add birthdate varchar(12);
```
![이미지](/assets/images/SQL/sql26.png)

예제2) EMPLOYEE2 테이블의 생일(birthdate)칼럼을 삭제하시오.
```sql
alter table EMPLOYEE2
drop birthdate;​
```
![이미지](/assets/images/SQL/sql27.png)

## 테이블 수정 (컬럼 수정)
![이미지](/assets/images/SQL/sql32.png)

### 테이블 수정 실습 (컬럼 수정)
EMPLOYEE2 테이블의 부서번호(deptno)를 dept_no로 수정하시오.  
```sql
alter table EMPLOYEE2
change deptno dept_no int(11);
```
![이미지](/assets/images/SQL/sql33.png)
## 테이블 이름 변경
![이미지](/assets/images/SQL/sql28.png)

### 테이블 이름 변경 실습
EMPLOYEE2 테이블의 이름을 EMPLOYEE3로 변경하시오.   
```sql
alter table EMPLOYEE2
rename EMPLOYEE3;
```
![이미지](/assets/images/SQL/sql29.png)

## 테이블 삭제하기
![이미지](/assets/images/SQL/sql30.png)

### 테이블 삭제 실습
EMPLOYEE2 테이블을 삭제하시오  
```sql
drop table EMPLOYEE2;
```
![이미지](/assets/images/SQL/sql31.png)
끝-!